,X,Y,Time
0,1.4420758727136103,1.331199345503228,151.13825816666701
1,1.3902787491071902,1.250795124077977,151.154917066667
2,1.48176710656607,1.3620610263758608,151.171574766667
3,1.25546497074573,1.183309723885737,151.188233666667
4,1.5483807587008,1.3274924921580284,151.204894566667
5,1.4706952707285699,1.2154265322359488,151.221543766667
6,0.984416842181547,1.1006954341283401,151.238202866667
7,1.0112914211145798,1.2035209981499093,151.254856166667
8,1.01231458286185,1.0977430314991046,151.271521766667
9,1.45882396855605,1.2519642723630573,151.29207616666702
10,1.36192671758205,1.1803789526237445,151.304992366667
11,1.31164443028382,1.0896261769294053,151.321538266667
12,1.06168913905158,1.2108957759179793,151.338151366667
13,1.17177259863607,1.3272046299176483,151.354815566667
14,1.06990508939472,1.2752330439865458,151.371482666667
15,1.2797074155796202,1.4033307733053153,151.388121866667
16,1.09486534825238,1.3834621945179115,151.404795966667
17,1.17459462673853,1.238040384509003,151.421457166667
18,0.9468089447408491,1.2416160091366648,151.438103166667
19,1.30985552354725,1.1983209458666626,151.454767866667
20,1.29789929901481,1.081406717283784,151.471417666667
21,1.5713881005283301,0.9916488736291135,151.488070966667
22,1.6781660427073601,1.2461961621333937,151.504740366667
23,1.33065084754641,1.182868535202513,151.521400366667
24,1.2760570750706202,1.176331498576339,151.538049866667
25,1.3383494718523898,1.1557338717223848,151.554682366667
26,1.30704055514201,1.2564219559594847,151.571364666667
27,1.1628675967662099,1.2714591328339404,151.588024466667
28,1.2888040013678799,1.3525752346736808,151.604681266667
29,1.38089708754359,1.2177132399563282,151.621343066667
30,1.2649421860463799,1.3510155193702678,151.638005166667
31,1.39391397596469,1.2492877001667615,151.654658466667
32,1.33260966555619,1.3059527859757405,151.671338166667
33,1.20985038125127,1.3081740484681272,151.687974366667
34,1.48730197168167,1.1879154725371246,151.704626866667
35,1.45187596533579,1.2034065569483012,151.72128016666701
36,1.14999679769599,1.2314696718406248,151.737951566667
37,1.1795328992934,1.200246025816564,151.754596666667
38,1.44290671387755,1.1863589158336512,151.771266966667
39,0.8877689825250809,1.3235505480177074,151.787924366667
40,1.56417399772365,1.2688025142516173,151.804582066667
41,1.23421444699546,1.1829335404475063,151.821230966667
42,1.4998683288459798,1.1945799577944298,151.837889866667
43,1.48008854724421,1.223361958766309,151.854553366667
44,1.22640966599016,1.1413148062193663,151.871210766667
45,1.2347717749416498,1.1619213372600936,151.887923366667
46,1.37525621145827,1.256170690011728,151.904554366667
47,1.4534905868685999,1.054823499074392,151.921186466667
48,1.3525887479810301,1.2146385863336964,151.937843366667
49,1.40016444782512,1.3568709428956125,151.954503666667
50,1.28604461217449,1.3029781810946284,151.971165766667
51,1.34532695735746,1.1988349392054525,151.98781906666702
52,1.4615268905933898,1.2253234304135172,152.004466466667
53,1.4358482683838,1.277465599131363,152.021125966667
54,0.9100912416099459,1.1911540298132437,152.037789466667
55,1.9717529836999,1.2306224795913685,152.054442166667
56,5.05542943469453,0.9997927253786895,152.071107266667
57,8.56871476763666,0.8821685628035599,152.087758766667
58,9.067983781543079,1.042654827026335,152.104423166667
59,8.61525407413824,0.8916684828414061,152.121075066667
60,9.378179268244839,1.0726885481167667,152.13777846666702
61,9.36914052406341,1.1918294742911397,152.15440066666702
62,9.64355003669589,1.338459314354785,152.171055166667
63,9.317312241524991,1.2227978411095317,152.18772166666702
64,8.950881818422848,0.9625022078013381,152.205588966667
65,8.57996058455161,0.9760083305627278,152.221002666667
66,8.98717980066506,1.0542734112568453,152.23767976666701
67,8.99820458487157,1.1988668923860266,152.254337166667
68,9.05208481492412,0.9748894122877957,152.271004866667
69,9.204467636502699,1.221753028575068,152.287664266667
70,8.4221232978687,0.9866955185572086,152.30431936666702
71,9.25626765512059,1.0566085847964126,152.320979066667
72,9.29472630800674,1.2109032949172025,152.337630066667
73,9.25894372556679,0.6658853007368755,152.354284466667
74,5.622872905081179,1.2201591195436223,152.370950666667
75,2.46737726400321,1.918126683783311,152.387609866667
76,1.3685327917205101,1.8417488844100998,152.404261966667
77,1.16779771070983,1.9172558504561072,152.420925566667
78,1.07411933480084,1.7804110255888246,152.437580266667
79,1.28016381174175,1.7085577774660814,152.45678686666702
80,1.7918804509352402,1.712578612874656,152.470939966667
81,1.5607175255931598,1.7473451270665967,152.487560366667
82,1.65215446904468,1.663295896667222,152.504218366667
83,1.47437154832623,1.7579879971590475,152.520875166667
84,0.926951068186357,1.8991847376836148,152.537531766667
85,1.06873800057947,1.6018748070153033,152.554190866667
86,1.3847671561236,1.6334775050698185,152.570842166667
87,1.19978006796533,1.5628233757648506,152.587498066667
88,1.18490928987325,1.7510218277621403,152.604161366667
89,1.5092866223212502,1.5620194808328849,152.620821666667
90,1.3717735024558502,1.6554581957521715,152.637478166667
91,1.38546405634283,1.6078793361970751,152.654129466667
92,1.1467611613306798,1.5812865430858467,152.670794166667
93,1.43772308966677,1.6946323829960992,152.687445666667
94,1.2131686172393301,1.70310517247184,152.70410306666702
95,1.50561521135759,1.6708676993899858,152.720763966667
96,0.7911234453422991,1.6782474723351548,152.737417566667
97,0.5995346439540961,1.7057265207046117,152.754077966667
98,0.6981565516003421,1.8325657885736806,152.770732066667
99,0.784121561450535,1.79331088449715,152.787394766667
100,0.631430643046842,1.7418659440945858,152.804048966667
101,0.9175417364813531,1.6032749195509508,152.820723366667
102,0.668604402290235,1.62936095529735,152.837362866667
103,0.579697010391937,1.5841812311906596,152.854029966667
104,0.84289613210786,1.4615633211926238,152.870680566667
105,0.734291827441037,1.597826237075668,152.887340666667
106,0.9859458757498429,1.5791108063264354,152.90399566666702
107,0.7638627866356109,1.655527247805085,152.920661066667
108,1.05953675674135,1.7140332837312344,152.937313166667
109,1.22710398160719,1.6732349347096707,152.953997566667
110,1.54900890567031,1.4399558726804436,152.970632666667
111,1.54126523574879,1.3570224118875966,152.987300266667
112,1.1527134330801598,1.5389816620747767,153.003945966667
113,0.8719851816986708,1.5552881211604934,153.020605966667
114,1.17196703926546,1.695562767772195,153.037256066667
115,1.62058787712035,1.5731329249360912,153.053931366667
116,0.8572017285514459,1.5383735610760414,153.07057676666702
117,1.30923910128353,1.5233832493594042,153.087244066667
118,1.25721885592222,1.543116279496976,153.103886866667
119,1.17115535353504,1.440463673446366,153.120551266667
120,1.1172257968746,1.4861516349443429,153.137204866667
121,0.7888133133695849,1.4281962335452958,153.153874566667
122,1.29312070585751,1.4326891478338462,153.170522366667
123,0.903238432117649,1.5657484873893288,153.187184966667
124,1.51933574891454,1.4568088797616972,153.203836866667
125,1.09410722773574,1.5031544494210618,153.220509166667
126,1.30901737655523,1.5095467899334445,153.237154266667
127,0.7356873196056422,1.6441806753282293,153.253824266667
128,1.06945968637062,1.5434569094055797,153.270470266667
129,0.8134623286989671,1.5531490668002779,153.287145266667
130,1.08385361879733,1.484088248324165,153.303785966667
131,1.0535894853996899,1.6494212824023036,153.320460666667
132,0.9997023362664179,1.4686841891618443,153.337101866667
133,1.07518213967956,1.6821432322675463,153.35376516666702
134,1.48799644572815,1.5414963662533636,153.370418466667
135,1.4902468834266498,1.6343165416370375,153.387089966667
136,1.17228498704264,1.5117871363906485,153.403732066667
137,1.70772911789802,1.5930215368939473,153.42039856666702
138,1.08319886644953,1.712752106666068,153.437048666667
139,0.8759228486593791,1.6438060828417898,153.453711866667
140,0.9282990775526221,1.5482439868679456,153.470371366667
141,1.0467905788787601,1.7547538040491455,153.48703106666702
142,0.9684659729350129,1.4496955605672566,153.503685866667
143,0.9664308483157841,1.801754102409937,153.520346766667
144,1.2015204448857901,1.6595212638779404,153.537002466667
145,1.0182581766707601,1.8141833624529644,153.553664266667
146,1.4737890518962198,1.586939252955676,153.57031636666702
147,1.52491994175322,1.4357983695264231,153.586977566667
148,1.34524870258971,1.7202183589675633,153.60363256666702
149,1.69363696507374,1.6165728162894886,153.620295866667
150,1.7809872132473201,1.6613274104846667,153.63694686666702
151,1.27040589771658,1.6529690019956607,153.653610366667
152,1.65256577775014,1.523871468180292,153.670264266667
153,1.52224546400024,1.423945776647256,153.686927266667
154,1.05661712794566,1.3921977362700355,153.703581066667
155,1.30925316424619,1.5797017247926912,153.720249666667
156,1.3122583139108102,1.5568818567914589,153.736906766667
157,1.33260740053803,1.4886957788097288,153.753567966667
158,1.32830403747036,1.7028408738508531,153.770208066667
159,1.14690908873383,1.9338362592304421,153.78688426666702
160,1.29638423706031,1.839843210696696,153.803526366667
161,1.2048516680346102,1.8571396281049843,153.820188766667
162,1.33506047268099,1.7262768290136346,153.836842066667
163,1.8960010270339298,1.5997264310058736,153.853503566667
164,1.54311546526221,1.4559660230733675,153.870159766667
165,1.3760026001681998,1.54014727530249,153.886818666667
166,1.57203732152888,1.7638834729224158,153.90347286666702
167,1.75769792857983,1.5906004796219673,153.920141366667
168,1.4452494882824498,1.3414643263636405,153.936789666667
169,1.07050182840281,1.567323675180875,153.953461766667
170,1.31951996816088,1.5724132842890188,153.970125366667
171,1.32039505392142,1.513469601247308,153.986785066667
172,1.4806140269174999,1.489373245069467,154.003435766667
173,0.8943745136718572,1.7982617640476968,154.020101966667
174,-2.29547751603316,1.347498631439331,154.036754666667
175,-5.479320824926551,1.5907737917158513,154.053402966667
176,-5.841211724122419,1.5207202040630172,154.070057966667
177,-5.568461019043701,1.467125229491157,154.086721266667
178,-4.84613130043141,1.5298757211406235,154.103373366667
179,-5.14955871115633,1.4698794443819159,154.12004986666702
180,-5.438112286006559,1.246173354563106,154.136706966667
181,-5.55177748670791,1.192071021659654,154.153366066667
182,-5.61006224482048,1.4257996361388523,154.170023466667
183,-6.22171141429081,1.2707692111613367,154.186667666667
184,-5.97398999586498,1.24943241592146,154.203325366667
185,-6.01418862659714,1.4098490059489386,154.220017966667
186,-5.50671656360451,1.3461046996499622,154.236647866667
187,-5.7263978193213605,1.2803369997546916,154.25329706666702
188,-5.66683771209659,1.3357518207274248,154.26996526666701
189,-5.890942129119001,0.948214641991319,154.286614466667
190,-5.88754112124428,1.0396330755410643,154.303267466667
191,-6.054005545371861,1.122021839763975,154.319945066667
192,-6.03698910306378,1.0360865266473602,154.33658666666702
193,-6.05626210248296,1.0556247860351773,154.353248466667
194,-6.33251004928388,1.0456547557816154,154.370932466667
195,-6.0214686992759505,1.2258536796136397,154.386562666667
196,-5.7726852720788395,1.032427029056214,154.403219466667
197,-6.26261175301233,1.0441910522863003,154.42299906666702
198,-6.48527109843188,1.1678138774692997,154.436534566667
199,-6.200206277245781,1.166699847574832,154.453205766667
200,-4.11192352756568,1.3643843933642137,154.469848466667
201,0.00170399446904025,1.748255765389758,154.486513566667
202,1.76080433584794,1.7523475315791803,154.50316446666702
203,1.13537406102549,1.7239075690201606,154.522007466667
204,1.19198909804249,1.7117913398076345,154.536497166667
205,1.45034443469661,1.5944243781610214,154.553141066667
206,1.38629267321161,1.4946781815578232,154.569795866667
207,1.1650700423223501,1.6610911112954458,154.586474366667
208,1.6092671903922098,1.733975614556979,154.603110966667
209,1.3805197468280301,1.5206313622395373,154.619772766667
210,1.6825782668391,1.52732925353641,154.636426066667
211,1.18668141104902,1.6025676290425213,154.653097166667
212,0.876424305538043,2.0397742846370837,154.669759266667
213,2.47031738602593,1.7330320207326173,154.686428966667
214,1.2889909173926,1.6323159948910178,154.703063566667
215,1.1168844948613301,1.4246123985882626,154.719720666667
216,0.8605585717316508,1.6485886302197714,154.736375966667
217,1.49019577719673,1.6488493132068296,154.753041266667
218,1.6203660870713503,1.476054761660575,154.769689666667
219,0.7791447779871521,1.5317291975993625,154.786351466667
220,0.7391498438436891,1.5771347995803504,154.80300526666701
221,0.53236800218625,1.665471747054397,154.819668866667
222,0.59485673156854,0.17164813471467122,154.836322766667
223,-0.13894440723286902,-2.514787417525258,154.852996866667
224,-0.732830601187289,-4.984114079380944,154.86963866666702
225,-0.265226239359395,-6.121964419364417,154.886300766667
226,0.21472761172644897,-6.001004955066855,154.902956466667
227,1.22179737675382,-5.898232800263779,154.91961586666702
228,-0.122419086429176,-5.902929613021562,154.936272666667
229,1.87042192234816,-6.561422287348969,154.95293446666702
230,0.519448285054357,-5.871091968067233,154.969588066667
231,0.0725550475995515,-5.751330210461351,154.986250766667
232,0.501638260230941,-6.073622460617443,155.002905866667
233,-0.6082422439050389,-6.279425467575046,155.01956646666702
234,1.1411416809763602,-6.1338274886889845,155.037316166667
235,-0.667691279721959,-7.413317115179158,155.052908866667
236,0.0136096765628111,-7.459726958665446,155.069545666667
237,0.258366559742455,-7.040223771194446,155.087561966667
238,1.14152801998974,-7.67631631260262,155.102865466667
239,-0.357955960699366,-7.485907435627595,155.11952996666702
240,0.0495616626355663,-7.131202767345606,155.136178866667
241,0.40481371706111496,-7.552972572451464,155.15283856666701
242,0.40995597914495097,-7.154681464190385,155.169502166667
243,1.06610792752405,-7.473558638769826,155.186162166667
244,0.688393214566962,-7.24556100300391,155.202814266667
245,0.419752803482378,-7.423912375893358,155.21947196666702
246,-0.0114512791034245,-7.6044480536216446,155.23612526666702
247,0.8244078247889429,-7.145819757383875,155.252804666667
248,1.49822747842242,-7.783164932098516,155.269445066667
249,-0.0695198803091515,-7.158432240469601,155.286103966667
250,0.48687521398110906,-7.335656488596512,155.302756966667
251,-0.568807906643563,-7.331480879959075,155.319427766667
252,-0.33932901643263896,-7.131322970033013,155.33607346666702
253,0.25533099513762103,-7.076650765485153,155.352736466667
254,-0.549548643519498,-7.313978413813851,155.369391266667
255,-0.5476684735060671,-7.2772448500405735,155.386052466667
256,-0.331887125805045,-6.850825105357397,155.402708966667
257,-0.938325911645102,-7.163830321772733,155.419364566667
258,-0.828812066785682,-7.244421364832187,155.436026066667
259,-0.277881893306383,-7.215677976220051,155.452684066667
260,-0.25915341359911,-6.972302551087728,155.469335066667
261,-0.310361224427758,-7.850647664606791,155.485999766667
262,0.344936086977094,-7.442985667094522,155.502654566667
263,0.5749485876527879,-7.433821705692041,155.519314866667
264,1.3377184339011698,-7.3868174612832815,155.535976966667
265,0.00691625545507995,-7.471275570939245,155.552629366667
266,0.0374148333047486,-6.3229526118779305,155.569284966667
267,-1.07510592648948,-7.247814996072099,155.585948266667
268,0.8549208341840041,-7.309811456813222,155.602600366667
269,0.0643026268182522,-6.742660466989832,155.619262166667
270,-0.546509283085838,-6.341437709069899,155.635917266667
271,-0.0579716824732658,-3.1603927969829964,155.652580266667
272,0.439320491803818,-0.35752572452381626,155.669243466667
273,0.85016650797629,0.9874645535428689,155.685891166667
274,0.676096103534766,0.5721500870907843,155.702555666667
275,0.264999620313232,0.674594208301429,155.71921536666702
276,0.763559400673462,0.4500021645930436,155.735871666667
277,0.4834728943063089,0.5427882016438511,155.752532566667
278,0.9555927933646899,0.5672940593592772,155.769181466667
279,0.813823330879436,0.5888005099268506,155.785849666667
280,0.8224022306099591,0.8346807053670484,155.802497366667
281,1.07997632499508,0.7874844057213712,155.819165666667
282,1.1701028871834398,0.6277239492489407,155.835812466667
283,1.00978710265924,0.8182940038283735,155.852489866667
284,0.5463081260128351,0.740218297367119,155.869130866667
285,2.1740426126289902,0.6672592723370362,155.885793166667
286,1.1400476285313899,0.7980297887433994,155.902446166667
287,1.03200031252552,1.024311593697238,155.919108566667
288,1.63714449291299,1.5563798731432226,155.935760666667
289,3.3751172968718905,1.4809504552712542,155.952423366667
290,2.19093041064033,1.4458705769267304,155.969078166667
291,2.0781494127611597,1.4536767925949843,155.985739966667
292,1.50075723623122,1.219113631454733,156.002401166667
293,1.4583718011524498,1.1165569953889258,156.019081766667
294,1.78192732651453,1.2300156752226914,156.035703966667
295,2.00714836700163,1.5573907895925996,156.052388066667
296,2.09933930976795,1.419472229438895,156.069033066667
297,2.44387025443458,1.1874428563537784,156.08570196666702
298,1.57532207946783,1.1276427971426417,156.102352266667
299,1.57462429059673,1.2954931334392579,156.119002366667
300,2.19739287195693,1.2485174434752038,156.135689366667
301,2.09229806386683,1.3647177883167219,156.152319866667
302,3.2599964845168703,1.3422497150960038,156.16897576666702
303,1.7016029017765,1.346925397724336,156.185635466667
304,1.99025331096503,1.508920734808269,156.202287066667
305,1.48868569141379,1.4883759524313351,156.218948266667
306,3.28191229346216,1.3039144810706373,156.235608866667
307,2.46030431499064,1.3349341935906085,156.252273866667
308,1.9222285363095901,1.368827829122079,156.268949166667
309,2.0828812194568997,1.1878310675047608,156.285587766667
310,1.60933942496198,1.2414422850229576,156.302268666667
311,2.24685952897051,1.1510075747945963,156.318914966667
312,2.34516494444795,1.4323821191503197,156.335564366667
313,2.4950384840049105,1.3138250987773739,156.35221596666702
314,2.92039051146015,1.306855871908672,156.368873066667
315,3.00880170548169,1.4646557059125516,156.38553606666702
316,2.5146346949160496,1.3877149199676562,156.402191366667
317,2.40101022559379,1.408840924493288,156.418846166667
318,2.39998374777948,1.2424439087102204,156.435514966667
319,1.40578334755867,1.2371453646002866,156.452165666667
320,-1.05619833736791,1.3143544422115276,156.473051866667
321,-2.2293105822293704,1.6212856221345298,156.485483966667
322,-2.38953930477581,1.4367259200249496,156.502145766667
323,-2.29143106108824,1.5618755635468984,156.518793166667
324,-2.11257834969597,1.502454501965764,156.535445866667
325,-2.7604221488185,1.3409303307760316,156.552118266667
326,-2.5188609463962597,1.3769729584991899,156.568762766667
327,-2.84408399499061,1.3232416037986472,156.585432166667
328,-2.49762455723898,1.3338551446259341,156.602077866667
329,-2.72426760606345,1.3221514355037964,156.618744066667
330,-2.44983487974973,1.3906397221948328,156.635409966667
331,-2.92547966283443,1.4265314763679553,156.652071166667
332,-2.36758779233733,1.3898850964108869,156.67158586666702
333,-2.3650245676064,1.4463608572504356,156.685382466667
334,-2.40739432051677,1.4418185285159857,156.704137966667
335,-2.25224611263969,1.3520515233806594,156.71867966666701
336,-2.92672480561302,1.4589245326426254,156.735342266667
337,-3.18316944047435,1.5130346095055591,156.752012366667
338,-2.5510303483824397,1.4425898683796083,156.770663766667
339,-2.64762459566362,1.4444585810316326,156.785449666667
340,-2.76734762823368,1.4072836940704068,156.801983666667
341,-2.7334313805517407,1.3550511910785896,156.818646566667
342,-2.8157875956692497,1.625451502608086,156.835307866667
343,-3.32131026422144,1.481463619336004,156.851955866667
344,-3.0779723722037295,1.460298740606194,156.869937266667
345,-3.00633332037921,1.4567823923555776,156.885261866667
346,-3.48266761969369,1.528657524445736,156.90192126666702
347,-4.50787224993594,1.7073171799442237,156.918586866667
348,-4.27953919607302,1.6308947088509396,156.935244566667
349,-4.62186757514234,1.546385052799252,156.951908766667
350,-4.4808089559074595,1.7768629036338501,156.968563466667
351,-4.32295755334638,1.7354549997120605,156.985220066667
352,-4.202836939221419,1.7959052020118058,157.001913766667
353,-4.50476324761716,1.5412138591263291,157.018538366667
354,-4.54342812763103,1.8108619363871916,157.035198066667
355,-4.773464692584611,1.7759557084081237,157.051848766667
356,-4.55676834544484,1.741274623592783,157.068511166667
357,-4.90448593790775,1.5539564460227255,157.08517296666702
358,-4.89370429814241,1.705470749963286,157.101828866667
359,-4.86674911057139,1.417216632976668,157.118488366667
360,-4.72610538464634,1.752948874822474,157.135139866667
361,-4.84516657769285,1.7814814444651799,157.151805766667
362,-4.89131586373168,1.9999729861483355,157.168455266667
363,-4.996841477255559,1.539061125864157,157.185120266667
364,-4.71020103041862,1.5667853265799239,157.201780866667
365,-4.55743901800947,1.633089776154706,157.21842686666702
366,-4.6519995362035,1.5545588367476666,157.23508306666702
367,-4.719050665710401,1.6521880052546492,157.25175076666702
368,-5.21679948140354,1.5750741898134768,157.268401066667
369,-4.95872347300313,1.708000239986074,157.285058766667
370,-4.9391574392182696,1.4349021962241348,157.301726166667
371,-4.67822025997383,1.6576992707625402,157.318377166667
372,-4.68914349901589,1.508772879494015,157.33504036666702
373,-1.69629790560579,1.9170468378375751,157.351698066667
374,1.15941323733229,1.9954537768414684,157.368356966667
375,1.170608565825,1.7481017303350523,157.385015566667
376,1.13115169418589,1.8150716073754332,157.401675566667
377,0.69479043116761,1.7726050492608783,157.418327066667
378,1.0972750600941,1.6864697157793371,157.434991866667
379,0.987974297066336,1.7067011878118443,157.451643966667
380,1.35567105778698,1.74071070942156,157.468304266667
381,0.597886124349734,1.8440912009279822,157.484956366667
382,0.976955682201519,1.691198546613152,157.501628166667
383,1.06059969424228,1.7457455473759511,157.518272066667
384,0.8744867926557378,1.569877386898402,157.534925066667
385,1.09944382725018,1.4426628244562538,157.551589266667
386,1.2599349811887801,1.6583123330864584,157.568265666667
387,1.44112215830622,1.6647437374744407,157.584902566667
388,1.27797154308043,1.5736080846724978,157.601553766667
389,0.9416120271896851,1.5840453164202293,157.618230566667
390,1.1100961831612701,1.6236429604681872,157.634888566667
391,1.1199209043796698,1.7653804530593982,157.651538366667
392,1.38212846573927,1.8678611029554277,157.668198666667
393,1.1733494172766499,1.6254859120343772,157.684856666667
394,0.653147011048584,1.476177043275976,157.702917766667
395,0.9884612990268001,1.7541143776830808,157.718150366667
396,0.83865170323248,1.7225703312340734,157.734837066667
397,2.17774074824278,1.7778313293066845,157.751486566667
398,1.1563923004918402,1.8967516754272422,157.768150966667
399,1.1778669172633,1.5759444545612913,157.784811566667
400,0.51585106994891,1.8254285934032644,157.80146756666701
401,0.707139719711687,1.6418084168936222,157.818119366667
402,0.868570465123494,1.5462172309227291,157.834779066667
403,0.37818801062113105,1.559056428037402,157.851435066667
404,0.831583567753465,1.5935996779257708,157.868099466667
405,1.17149132034666,1.6244082945885165,157.884773266667
406,1.15517349161558,1.5878622245179124,157.901411666667
407,1.4148308184658402,1.5213407185278625,157.918067866667
408,1.16537095137253,1.4658546628623526,157.934728166667
409,0.994184606992103,1.631327087422328,157.951389666667
410,0.92438125659551,1.6822338531023653,157.968045366667
411,0.87454344201497,1.5060174908398314,157.984707466667
412,0.49655881491991,1.7502918952027195,158.001357766667
413,0.9666259957469109,1.6647774570991263,158.018008466667
414,0.8521650318855591,1.502451436068505,158.034681366667
415,1.26966952664534,1.378272038434302,158.056698966667
416,1.5005458914700702,1.5129552114301235,158.067995866667
417,1.30220885830772,1.580673243820538,158.089943666667
418,1.1087420242227801,1.5139781612824563,158.101319766667
419,1.06864364307061,1.3110546278151445,158.11796926666702
420,0.755148542828598,1.547207859175796,158.134629566667
421,0.6389200258336469,1.4078145386533536,158.151276766667
422,0.447868545529062,1.6329756826445374,158.167942066667
423,0.560580836078969,1.6096835455734158,158.184590366667
424,0.687360899336109,1.6980760895673734,158.201255666667
425,1.11000921768427,1.6496747083098018,158.217905466667
426,0.736139432414864,1.6656138537995322,158.23457226666702
427,0.4456771620873579,1.6635280070260823,158.251224366667
428,0.283867599217282,1.7596632826663172,158.267890266667
429,0.38861688798747496,1.6182453308243734,158.284554166667
430,0.979997463362353,1.4987932489500317,158.301197166667
431,0.96596597015531,1.5762875918041441,158.317851966667
432,1.18693993824451,1.395809331221445,158.334510466667
433,0.958866892825697,1.3345451904987595,158.351200466667
434,1.04748751187407,1.4979949328653115,158.370287966667
435,0.484432389407521,1.6294718234900758,158.384511166667
436,0.693629541198486,1.4281934235453864,158.401139266667
437,1.20179804027494,1.4402196902208035,158.417812766667
438,1.1822125003997601,1.4521589248467799,158.434464866667
439,1.0541783700012701,1.3852408039078437,158.451132566667
440,0.9116134362314681,1.2829334846983786,158.46778966666702
441,1.0309961405992099,1.4453385183704845,158.484449366667
442,1.1501321581973,1.1798049665036383,158.501088066667
443,0.83565850393067,1.4989882964069978,158.519390466667
444,0.8948844920010559,1.3390513099487449,158.534413666667
445,1.2539135035253202,1.317599419219521,158.55107926666702
446,1.3262442818429299,1.343615128713404,158.567727866667
447,1.56967253901748,1.1276816544136707,158.584394366667
448,1.40427358236291,1.297284579412645,158.601049466667
449,1.17725771493965,1.2738705641037713,158.61768156666702
450,1.13144064316326,1.0809897927467154,158.634359266667
451,1.6337131521423602,1.2844118737387227,158.651013166667
452,1.31109180754377,1.4782804245151175,158.667681666667
453,1.1777768297703102,1.2222055594080252,158.684339066667
454,1.08846658796532,1.1094385607066481,158.700990266667
455,1.12565814182879,1.4138061734225416,158.71765036666702
456,1.4104000997531598,1.145950298602947,158.734309766667
457,1.16216744994085,1.2090579458949249,158.750971566667
458,2.23922841378283,1.1582735993044413,158.767632766667
459,4.57838176568175,1.0607295724553722,158.784284666667
460,5.256399088133981,0.9678984223422438,158.800940266667
461,5.22125499619412,1.3774726379519884,158.817605866667
462,4.5428343853834905,1.3932179978632995,158.834259766667
463,5.365555781153,1.2236256644713983,158.850896366667
464,5.52103056443087,1.1159418249560673,158.867581366667
465,5.11709998347445,0.9911070054531981,158.884246966667
466,5.3666352886343605,1.0946055036430322,158.900896966667
467,5.378901392298889,1.378200751002525,158.917550866667
468,4.94894617997744,1.3765634718287045,158.934207066667
469,5.410748398553211,1.0180546174228178,158.950872466667
470,5.4562156279432905,1.2040526790780723,158.967520466667
471,5.495973769490969,1.1169132213857684,158.984185766667
472,5.48661133305907,1.064034953844178,159.000841366667
473,6.40043596688062,1.30049595522881,159.017500866667
474,11.752749007574101,1.2498341851647181,159.03415066666702
475,16.5148164614138,1.9238065701957128,159.050816566667
476,19.4905096402559,2.2838674441971656,159.067470366667
477,23.930642515843502,1.1419042422005456,159.084136066667
478,19.9602432913398,1.5523914013341837,159.100783766667
479,19.942384778208197,2.0484347270923613,159.117443466667
480,20.5422216414117,1.5867330024859845,159.134097666667
481,20.5775640604395,1.6373685751777194,159.150760066667
482,20.5776269948471,1.0005772743109298,159.167415966667
483,21.569397973309304,1.0809664534176957,159.184079266667
484,20.960536503486,1.5537419805526873,159.200730766667
485,21.3799729848669,1.5115565673729459,159.21739376666702
486,21.0585301952145,1.2878741359301373,159.234046466667
487,21.1707026393006,1.1986354431739203,159.250715566667
488,21.0321370188069,1.3560908870809723,159.267364466667
489,21.1275489315456,2.0274656553487116,159.284020166667
490,21.6026935329032,1.0370252861567408,159.300679266667
491,21.526282286163696,1.7003199901142159,159.31733906666702
492,22.8662690302177,1.843790152650272,159.33399526666702
493,21.721649178728104,1.4265263703812026,159.350660266667
494,21.3883749502153,1.8110336552595805,159.367314466667
495,21.407626950408197,1.487235623979345,159.383968966667
496,21.8212428179741,1.1556416041171198,159.40062866666702
497,21.518533849604303,1.2272506726137076,159.417288466667
498,22.466113959057303,1.4470107672087624,159.43394346666702
499,22.3368396715574,1.5008706259033586,159.450604366667
500,22.055583104936105,1.2858355688973242,159.467262666667
501,18.9740933919226,1.7811473247179723,159.483919466667
502,15.0781771104385,3.286950063617606,159.500566066667
503,10.5588731982106,2.8356231922425885,159.517246066667
504,7.33621039337518,2.6352392362248183,159.533901966667
505,3.52648811571369,2.215797848754445,159.550557866667
506,1.9626921994263402,1.989981159460034,159.56721796666702
507,2.22135844224218,1.9651648676082774,159.583872966667
508,1.31722915043123,2.0702498340710154,159.600540666667
509,0.806553689889168,1.8577548644756194,159.617184266667
510,0.766632748888292,1.9838752502224033,159.633851066667
511,0.659098961957583,1.9428358540591786,159.650504666667
512,0.5387159064408671,1.9133463052943602,159.667164666667
513,0.725296811125962,2.084132045925125,159.683821166667
514,0.421334668298235,1.8717631475748013,159.700496466667
515,0.894713106477625,1.9023593398645546,159.717132766667
516,1.0937646767962401,1.8684869582910852,159.733804266667
517,0.725530722065674,2.0103144306641174,159.750451366667
518,0.890795018613355,1.8145578571274752,159.767103466667
519,0.8129024802616899,1.7163565894591117,159.783768266667
520,0.8835120030208571,1.9452824757448348,159.80041476666702
521,0.792029985845475,1.8485184017442813,159.817073066667
522,0.508972592540476,1.9074926715644978,159.833748066667
523,1.04721371731674,1.82850026767315,159.850410766667
524,1.02334042894821,1.8827366631480236,159.867091066667
525,0.858126433268732,1.9616246812489473,159.88373166666702
526,0.9257402539658579,1.8983634805583458,159.900366766667
527,0.862308804800241,1.7517703780519536,159.917038866667
528,0.902814283474481,1.6953659147015852,159.933681566667
529,1.1505776764456799,1.7207428987927358,159.950346666667
530,0.755923064373562,1.9752409191178448,159.966999366667
531,1.02765960752136,2.0112316769457346,159.983668166667
532,1.18401048726787,2.1784497603087343,160.000322366667
533,1.26814984345804,1.9472271425248087,160.016977966667
534,0.860520880120977,1.963588770425326,160.03495736666702
535,0.9440900332216009,1.9776535955603889,160.05031186666702
536,1.04516945231989,1.7795664384318193,160.066945466667
537,0.973252397138256,2.0011837118290488,160.083615566667
538,1.52672486703161,1.9535890840496195,160.100277366667
539,1.0539801526369201,1.8329324646021596,160.116928266667
540,1.07697152841169,1.8808707623041694,160.13357896666702
541,0.867236916974073,2.052194252211397,160.150231666667
542,0.566745009444175,1.9263665195198558,160.166899866667
543,0.700583629917479,2.080778725412344,160.183565466667
544,0.5888484043482719,2.166998650394028,160.200223166667
545,0.8488928487895698,2.148829104350544,160.216874466667
546,0.9733233264856641,1.8599501529465035,160.233544766667
547,2.2249153522588903,2.0940850909411357,160.250190366667
548,1.40034010799889,2.1095430223285927,160.266865666667
549,1.09670766336904,2.061694230366856,160.283502866667
550,0.7077054381500409,1.9188333582348223,160.300169366667
551,0.8194861311660642,2.032565000009193,160.316821166667
552,0.8160736530209441,1.9819763702128903,160.334499966667
553,-0.218098002339355,1.8529659324160443,160.350116366667
554,-1.4838039523823703,2.023294697161761,160.367897766667
555,-1.1584804851144899,2.0243117078919264,160.383461066667
556,-1.1404128847183501,1.9964120248644068,160.400122566667
557,-1.2982766977617,1.9888602410061238,160.416767966667
558,-1.41826500887727,1.9686399085598794,160.433434666667
559,-1.18539474387226,1.9011497744012833,160.450087666667
560,-1.16071161051493,1.9415335796240005,160.46674746666702
561,-1.18124460120102,2.0658592154190085,160.483402466667
562,-1.0925163167013199,2.070416266443932,160.500054966667
563,-1.08964863566137,1.9031059288312044,160.516716966667
564,-1.3137770306771899,2.040692377716495,160.535287266667
565,-1.12141349877359,1.7877222664913985,160.550023066667
566,-0.21883132527187002,1.5966915022916912,160.566706766667
567,-1.2288396350275101,1.6333101763672908,160.583352466667
568,-1.46566939968577,2.009540687256438,160.600267366667
569,-1.43288276239748,1.7374504331722174,160.616666966667
570,-3.19868247396919,1.411959476946208,160.633314666667
571,-6.62070791486461,0.8900876702991094,160.649977366667
572,-9.374911283565579,0.8893102960507608,160.666641266667
573,-12.0116060312176,0.6073295981741523,160.683295166667
574,-11.8198654104643,0.21395569775299808,160.69995866666702
575,-11.895748589605802,0.5424104932127968,160.716613766667
576,-11.3173511114057,0.6101255701470875,160.733272266667
577,-12.145253502640099,0.48300561896261957,160.749923566667
578,-12.2651916409917,0.6833500103686023,160.76658916666702
579,-12.265464136373199,0.44768349460566176,160.783248066667
580,-11.988018143880801,0.42127514935355526,160.799905966667
581,-11.7902287007118,0.3756400634905184,160.81656546666702
582,-11.9295302447026,0.6607238056449402,160.833219366667
583,-12.078846320395998,0.6469497242892016,160.849874366667
584,-11.8158720892401,0.652991535173601,160.866538566667
585,-11.876442281110801,0.42523749768558644,160.883190666667
586,-12.116503632189401,0.37539213676541916,160.899853666667
587,-12.099361686832198,0.4656749088462929,160.91651076666702
588,-12.1587894765321,0.24472402584077685,160.933169566667
589,-12.306260810024801,0.40327977146441696,160.949823466667
590,-13.931560642582099,0.8613471372355846,160.966482966667
591,-15.464799654275101,1.5833305507500015,160.98314036666702
592,-15.270999014442198,1.3818993589028588,160.999797166667
593,-15.533012913037501,1.266037979996395,161.016452466667
594,-15.844220879955099,0.9958186967661485,161.033122566667
595,-15.9842445500094,0.9393903230366284,161.049774966667
596,-15.454751690223699,1.2169131009305518,161.066431766667
597,-16.0288975354519,1.036600225941087,161.08309526666702
598,-16.1952231226832,1.1455710096792762,161.099746266667
599,-15.568956919373601,1.3179751256141345,161.116392766667
600,-16.3353845481332,1.1323719473557767,161.133053966667
601,-15.5773156693248,1.2868804150671491,161.149708466667
602,-16.1012154959461,1.0553344332694563,161.16637146666702
603,-15.3688143715028,1.1920256604656045,161.183025366667
604,-15.5851478862751,1.2898930811519078,161.199686566667
605,-15.4630914075458,1.270858093257006,161.21634246666702
606,-15.363315168004998,1.4692166432755698,161.233003366667
607,-12.8899062991361,1.5301376093014147,161.24965726666701
608,-12.339077374577,1.6223541406135495,161.266321466667
609,-12.0700214296611,1.6555226694665848,161.282973566667
610,-12.434422263912301,1.734371488122113,161.299635366667
611,-12.622610338773802,1.7316884513879902,161.316289566667
612,-12.262571011758,1.6501835791048711,161.332951566667
613,-12.3994028506781,1.8287973138968683,161.349610766667
614,-12.772382484161902,1.5169018196569661,161.366274966667
615,-11.9875964804129,1.5508409755799384,161.382920866667
616,-12.0445507855002,1.7169509932324023,161.39959556666702
617,-12.197629945386698,1.6927592980334627,161.416249466667
618,-12.0267228645591,1.4144583536384001,161.432912166667
619,-11.9211810235451,1.5518936329324582,161.449561966667
620,-11.670923340893301,1.6477770378318015,161.466223766667
621,-12.061007837351301,1.6639965560694878,161.482884366667
622,-12.206478876665,1.5651959587579156,161.499538566667
623,-12.0377290568039,1.6068617823560902,161.516197366667
624,-7.406294495189309,1.3577637227617034,161.532853066667
625,-2.77331290492794,1.808373319364537,161.549518066667
626,1.0653327421262,1.7648535139558743,161.566181866667
627,1.2869738413896599,1.8285764165006095,161.58282666666702
628,1.35838851686393,1.7130141331511606,161.599492866667
629,1.40847113502424,1.862936957092308,161.616142966667
630,2.21223635376719,1.8240641309057446,161.632807666667
631,1.80340734162002,1.7460828373608794,161.649459266667
632,1.91789914157913,2.047363929260798,161.666116666667
633,1.9929670237782902,2.091292537235948,161.682776366667
634,2.22575391808743,1.916282448159281,161.699426166667
635,2.37124357920158,1.795917676691397,161.71609496666701
636,2.24226720535659,1.865485080044157,161.73275976666702
637,1.9154875370123703,1.7500807306981203,161.749410066667
638,2.12610783512889,1.7536434015032392,161.766075366667
639,1.71298413349419,1.9669391342870208,161.782729566667
640,2.09857421142613,1.8841002149906003,161.799383466667
641,2.23214931429686,2.086725835583659,161.81604696666702
642,2.49431960064633,1.6603909223125284,161.832708266667
643,2.0518481621007902,1.7961354592608265,161.849357166667
644,1.80983408874663,2.1407095025372147,161.866024766667
645,1.9758463112479299,1.9493690850130634,161.882673366667
646,2.3295161364577996,1.7567303956848606,161.899328166667
647,2.05124161297846,1.7732560207686792,161.915994366667
648,2.04449478705083,2.0293010458472547,161.932656466667
649,2.7116049169155803,1.9149037752582907,161.949309766667
650,2.3685968753286,1.851567437592491,161.965967166667
651,2.49430575421241,1.8529596330084412,161.982619566667
652,2.01203398774475,1.937471356140335,161.999289266667
653,2.4412163446521897,2.1764664061837267,162.015936066667
654,2.08266818297849,2.0194492466845055,162.032596166667
655,2.4681127353386403,1.9227145206621234,162.049257966667
656,2.26095462421341,1.9684678734163177,162.065915966667
657,2.2752239941986496,1.929810332174329,162.082573966667
658,2.0172640338349,1.8726742396523237,162.099228366667
659,1.9793396680601698,2.293875005728556,162.115885166667
660,1.3578752127606397,2.1761207510202434,162.132555166667
661,2.10801148860134,1.7426366066418575,162.149190866667
662,1.87417556568342,1.825406157721598,162.165857666667
663,1.82179613585087,2.0758671741599053,162.182527666667
664,1.7873819308135102,1.743032534397741,162.201096166667
665,2.15405012939573,1.9375399255182693,162.215826966667
666,2.93908320270246,2.0309445354751476,162.232497266667
667,1.8006071886428299,1.996401508827923,162.249157866667
668,2.3294920755073,1.589827852832415,162.265795966667
669,1.7567765231660601,1.7371931638753402,162.282476766667
670,1.84219469839136,1.9588601264840817,162.299131566667
671,1.9342897199098301,1.9834524226331807,162.315778366667
672,2.14857924758914,1.9349268906849455,162.332442866667
673,2.36035434397734,1.6904472012881588,162.349102866667
674,2.14578169736287,1.6572501832789928,162.365752066667
675,-0.45343816036681606,1.6887937233257673,162.382411566667
676,-2.31414061417696,1.8381358435963655,162.39905986666702
677,-2.5246445890057,1.906667357969516,162.415717266667
678,-2.4230645758734197,1.6891896050234072,162.432377866667
679,-2.5610830342533597,1.7768657784869786,162.449036466667
680,-2.73195653767801,1.6767816198040255,162.465692666667
681,-2.7913631620048,1.7131194491501218,162.482350966667
682,-2.58104081729272,1.5394253521614896,162.499007466667
683,-2.7533744171953702,1.50991189725032,162.515665466667
684,-2.4314671063723,1.634785273114846,162.532323466667
685,-2.4789217100974703,1.6847507278659783,162.54898196666701
686,-2.5533707484114903,1.9451566340444226,162.565642066667
687,-2.65300279757188,1.5197371943667781,162.58230006666702
688,-2.48492629845154,1.75403551711508,162.598960366667
689,-2.8608758945849297,1.5555174989931932,162.615614566667
690,-3.1273371775135397,1.5108297286181778,162.632273666667
691,-3.5713645387831097,1.6645103908851742,162.64893016666701
692,-3.5329167993880097,1.6114444683021778,162.665593166667
693,-3.4308002702557703,1.3445768853629714,162.682247066667
694,-3.1545669684795294,1.4472320826961458,162.698911766667
695,-3.06055821499345,1.9563537983752268,162.71556066666702
696,-3.10562627703577,1.8446834205804625,162.732224566667
697,-3.48741661294116,1.632283831414828,162.748878466667
698,-2.95606318288081,1.6059795533559742,162.765545166667
699,-3.0873689460402103,1.6285804852488857,162.782193266667
700,-3.25515372659954,1.4465764810555772,162.798856166667
701,-3.0154456268790697,1.4241028602249572,162.815510966667
702,-3.69330243926111,1.4743560687323372,162.83217276666701
703,-3.18304200194534,1.5172225429629558,162.848828066667
704,-2.8680131394252597,1.5403119870056554,162.865492266667
705,-3.53544828624646,1.3803958764037019,162.882141166667
706,-3.11137438739111,1.798412449905279,162.898807066667
707,-2.76168516869493,1.6537315586561183,162.915461766667
708,-3.37875777359864,1.7836237408379403,162.932132666667
709,-3.08268112618456,1.6383024934468582,162.948775166667
710,-3.19230595173087,1.6547680743819295,162.965434566667
711,-2.9901124329507702,1.7275771782901201,162.982089666667
712,-2.7875301034869597,1.839249375560457,162.998750566667
713,-3.1947331318123102,1.7632469752589173,163.015404766667
714,-2.8127922872079303,1.6715116139022337,163.03206626666702
715,-2.77792650428698,1.6825127439722134,163.048722766667
716,-2.50849302210701,1.74304618606184,163.06538106666702
717,-2.6304631963827,1.63954062693499,163.082038166667
718,-3.16019834753105,1.67689443086974,163.098698766667
719,-3.01702256578297,1.5686896448616476,163.115354166667
720,-3.21575640634473,1.612771408951556,163.132013266667
721,-2.62618540766215,1.7414103989123908,163.148672466667
722,-2.61203398122852,1.5524272319348618,163.165329566667
723,-2.4079060441324702,1.2913423870894205,163.181988466667
724,-2.55880923153196,1.3972984296548554,163.198646966667
725,-2.54867772669621,1.472286407810478,163.215303766667
726,-2.73153390800368,1.5538694074290123,163.231964166667
727,-3.2299895339274705,1.5909412912351575,163.248616866667
728,-3.16663231502934,1.43242101380661,163.265279566667
729,-2.9535938128318797,1.5765814820028696,163.281936366667
730,-2.37927129868741,1.6947260246039868,163.298593166667
731,-2.8696218499781097,1.6961460783854427,163.31525176666702
732,-2.33345056550694,1.5903248489881312,163.331910566667
733,-2.4623376131308596,1.5678643922022402,163.348568866667
734,-2.35829442560203,1.6036622259329059,163.366794266667
735,-2.8790138307416497,1.5161008481145923,163.381889866667
736,-2.38612983005308,1.635320250735443,163.39854286666701
737,-2.63024984186601,1.7676424619990863,163.415201666667
738,-2.51059052853282,1.768263677807491,163.431857966667
739,-2.96549808456424,1.6368799275788177,163.448514466667
740,-1.41007424436037,1.791265943740475,163.465177766667
741,1.09070162064319,2.0827945950603253,163.481830466667
742,1.48127268551935,2.2500086419921006,163.498492266667
743,1.29421613704422,2.0377894127903295,163.515147866667
744,1.34803265385773,2.2028120740269532,163.531808466667
745,1.42387620154983,2.1906581633119573,163.548463566667
746,1.3331846615395802,2.011182922608991,163.56512446666702
747,1.82626395976558,2.020166052207527,163.581776866667
748,1.59549834946401,2.1989729845318258,163.598443666667
749,1.76777275118952,2.271000821013557,163.615093766667
750,1.53423322186334,2.2121917376274425,163.631757266667
751,1.5423905543857102,2.057819416930324,163.64841116666702
752,1.4997941097432101,2.0816689186326913,163.66507266666702
753,1.53877173962863,2.0875076955852725,163.681724766667
754,1.3482922698778101,2.0089782415760613,163.698392766667
755,1.48901193169426,2.0522333546687315,163.715039866667
756,1.49857615798252,2.189500876917392,163.731707266667
757,1.5394276555062198,2.186913737214977,163.748363166667
758,1.38303508923668,1.9759150127986764,163.765019966667
759,0.6857955064092429,2.1531897204230663,163.781675366667
760,1.11123321599644,2.116029448887704,163.798333066667
761,0.894279715563519,2.1073458684792556,163.814991066667
762,0.924502667023772,2.333493752468266,163.831648766667
763,1.1700459546114699,2.3763550385124557,163.848310866667
764,1.81526987677971,2.040830582848744,163.86496616666702
765,1.59030456145269,2.073342927849729,163.881623866667
766,1.63338210022378,2.040281295885253,163.89828096666702
767,1.42387243281514,1.997770525724901,163.914938966667
768,1.21021067831434,1.9554574397332156,163.931597866667
769,1.4011452672191997,2.0181652035728006,163.948253766667
770,1.3365509534671398,2.0785535297667472,163.96491436666702
771,1.1723121375714098,1.9818015163375822,163.98157056666702
772,1.53237502756039,1.963433632944389,163.998230366667
773,-0.23962058370929698,2.0408264099680444,164.01488776666702
774,-1.81887093994627,1.9916795079121288,164.031545166667
775,-1.4482604053611698,1.850665665078015,164.048201366667
776,-1.7455684785591998,1.9555614594584982,164.06486256666702
777,-1.74912629568777,1.9329728347372137,164.081522666667
778,-1.82048531197183,1.8109055568931807,164.098176566667
779,-1.7798350711433601,1.901614773507837,164.114835366667
780,-1.35540372935148,1.9818025971290991,164.131493666667
781,-1.5910182045463601,2.0235115535188744,164.148151666667
782,-1.67880490330338,2.1249238791108795,164.164809666667
783,-1.8157167006994,2.1155468643205073,164.181468466667
784,-1.3289679073141498,2.1421783135646186,164.198123866667
785,-1.79303514932965,1.919620409732636,164.214783266667
786,-1.9375810359042502,2.067417639530133,164.231481466667
787,-1.7951924984466399,2.0897152385481936,164.248101666667
788,-1.6903080747042298,1.9443957124138007,164.264762566667
789,-1.75757908012498,1.9400154905602653,164.281414966667
790,-1.55632133474386,1.8631479986880348,164.298078266667
791,-1.75126394396064,1.9220416034209051,164.314731766667
792,-1.20082729554158,1.9238883311829633,164.331395066667
793,-1.52326956012889,1.9705065011621736,164.348049266667
794,-1.70705926004816,1.9441343534258912,164.364694066667
795,-1.93323849956845,2.0582747415596523,164.381362266667
796,-1.50453714981599,2.0245995636855976,164.398027366667
797,-1.5034169804478001,1.8622068989034166,164.414678566667
798,-1.63845724451731,1.7806992458860635,164.431341866667
799,0.15118665484595598,1.6779366632170472,164.447995666667
800,3.34868801361063,1.9383854821302517,164.464671866667
801,7.03470674622818,2.3837104543393264,164.481311366667
802,7.45890958127318,2.5199920226059214,164.497978466667
803,7.15565674899982,2.1884708292077426,164.514626466667
804,7.6936773559959,2.2517327763051544,164.531283566667
805,7.03792332864493,2.095905960034425,164.547942466667
806,7.40239874051187,2.100754369604442,164.564600166667
807,7.3455097446068,2.1323281429839356,164.581258966667
808,7.2767806355316695,2.10525820185007,164.597917566667
809,7.0579671799088,1.9979310929315697,164.614579666667
810,6.900824967983169,1.7769305242602649,164.631233566667
811,7.88908644877105,2.263619732927536,164.647891866667
812,7.560335005763731,2.1089267212616214,164.664551566667
813,7.68663197541639,1.5683406407488514,164.68120606666702
814,7.42019723912153,1.579553224861,164.697866666667
815,7.34493646732015,1.918363942446441,164.714523766667
816,8.70728895501143,1.9020679696272091,164.731180566667
817,12.4920273165482,1.7347639346336223,164.747839766667
818,18.814262524895998,1.8944531287199284,164.764497766667
819,24.1318685082727,1.875799227747228,164.781155766667
820,27.7350682331646,1.8435898313279022,164.797814566667
821,31.7433180498317,2.1039326185421836,164.814473466667
822,33.3124734188304,1.7591842089569616,164.831132966667
823,34.220651938525,1.1704347773013015,164.847787366667
824,34.2081638634488,1.3287126476206648,164.864448566667
825,32.357625788898204,1.2827009273727819,164.881103366667
826,35.622976562287995,2.0087758248251895,164.89776486666702
827,36.5109534882886,2.3204126806626957,164.914422566667
828,35.6636264826713,2.079368605146951,164.931079366667
829,37.940058332445,1.7878244679798778,164.947739166667
830,34.742286095182,1.2790881272756283,164.964396566667
831,37.4765065549528,1.7323029877260219,164.981053366667
832,40.6094072407831,2.4994049261786695,164.99772746666702
833,43.1592387567336,2.5302688305659577,165.014381966667
834,44.64587019844421,2.6316616335957583,165.03262256666702
835,44.155464840769795,3.0412421989347345,165.047696466667
836,44.2796739148878,2.660160786416158,165.064366166667
837,44.5552391279312,2.4284030545006647,165.081022366667
838,44.7848764316393,2.301167601967711,165.09768186666702
839,44.2097896465305,2.219991000035378,165.114330166667
840,44.74596835864801,2.1416388987635346,165.131003966667
841,45.085050350258996,2.7705823965794396,165.147656666667
842,45.15410893008221,2.345853443888484,165.164314066667
843,45.1305340131405,2.326892406354961,165.180971166667
844,44.8959928312171,2.6040407099667897,165.197631166667
845,44.9521737119028,2.4767379540927528,165.214283066667
846,45.0270076162207,2.4552113463699583,165.23095396666702
847,45.058076144699605,2.3307886701825624,165.247611866667
848,44.5330007868376,2.3215143157063833,165.264276066667
849,44.7398491066236,2.6686810485562313,165.280917366667
850,44.4651213934301,2.9688974062158815,165.297573266667
851,44.4501101625275,2.5670349311943097,165.314231866667
852,43.36240244924829,2.5488359940033556,165.330891266667
853,39.6994217482012,2.387793086338932,165.347544266667
854,30.875347102263397,2.1868752135840617,165.364206366667
855,30.961349342473397,2.4987851987481666,165.380867266667
856,30.260456174388498,2.3698829179978977,165.397520566667
857,27.5658732626503,2.4945993070539076,165.414183266667
858,30.9306762400176,1.8936485000981227,165.430848566667
859,30.5532694819775,1.957594997122721,165.44749606666701
860,30.504945442364303,2.4335118346571547,165.464161066667
861,30.0243324046208,2.4386051025988005,165.480826066667
862,30.157003565142897,2.538946755410146,165.497476166667
863,28.8360810255135,2.2920002952525236,165.514135266667
864,27.080825569250397,2.2489407094595766,165.531718166667
865,21.161862113522197,1.8850470366653658,165.547448966667
866,15.682830099788001,1.9262054310139543,165.564107766667
867,9.32637427158797,1.177524030541893,165.580760166667
868,4.385431249850559,1.7032313909171035,165.597410266667
869,2.20403536182067,1.521541957603721,165.614067966667
870,1.92249670328621,1.407167419590839,165.630725366667
871,2.12349502214092,1.5125235051960022,165.647390666667
872,1.46056141936966,1.6667780410687412,165.664054266667
873,2.24495393205847,1.7639427979049094,165.680698166667
874,1.76735120236959,1.3866961781608376,165.697357866667
875,1.61900764558467,1.6342180053749291,165.714014766667
876,1.8356446066386398,1.3934990246061676,165.73067676666702
877,1.67771325630396,1.403869451989051,165.747337166667
878,1.79210118431836,1.6402352825760413,165.76399686666701
879,1.6219733691978702,1.3788349570761327,165.780645766667
880,2.12219875423037,1.5442100035948383,165.797307266667
881,2.35649967681924,1.3243636162713726,165.813960566667
882,1.5985259425393799,1.365703593293751,165.830637366667
883,1.75660269861125,1.3557930393353699,165.847290966667
884,1.680676549412,1.4129230582641732,165.86396946666702
885,1.54282610511958,1.517706717265847,165.880575766667
886,1.68223563424557,1.5209328716706483,165.897264566667
887,1.5385696987608,1.5275382872498844,165.913923166667
888,1.0608662236392499,1.6356358577295562,165.930589366667
889,1.5474322549582902,1.5872146745204614,165.947237966667
890,2.04651667377839,1.6246879641106666,165.96390566666702
891,2.21794279020413,1.4079244305155918,165.980562466667
892,2.21526766419432,1.395573777492342,165.997197866667
893,2.58522193807669,1.3424927932430097,166.013871966667
894,2.29572081348165,1.4256439464574642,166.032836866667
895,2.0502174418192602,1.5980079159999558,166.047378566667
896,2.05460182550512,1.4943644342399836,166.063834466667
897,2.08162609863765,1.4262703221453528,166.080505366667
898,1.61112268714952,1.586578334149886,166.097158966667
899,1.9085011045508502,1.4421100127165964,166.11380286666702
900,2.1897080388753,1.3091652604714057,166.13047056666701
901,2.60486854093237,1.3051939879367307,166.147135866667
902,2.3503387018135298,1.5545407051809013,166.163787366667
903,2.3535376886424397,1.262441722036484,166.180443866667
904,2.805698985586,1.2758525417076862,166.19710156666702
905,2.1873086492392,1.43233664393752,166.21375346666701
906,2.3431021909975898,1.5630526592188425,166.230430766667
907,1.85125260488246,1.5101513971100011,166.247077066667
908,1.71982794886183,1.682116248882998,166.263732966667
909,1.77231695344991,1.6570612249483323,166.28039596666702
910,2.1638578703960403,1.587691896232129,166.297054766667
911,2.22210430430377,1.4828948453809843,166.31370166666701
912,3.31351179676434,2.154056875020321,166.330363166667
913,3.45923490475962,2.120022466623708,166.34702646666702
914,3.4002804670564104,1.8019345923199008,166.363681466667
915,3.18229009764202,2.0151575549233027,166.380335966667
916,2.9217389231393702,1.9830121781864314,166.39697546666702
917,3.00290955395226,2.169348441181419,166.413651866667
918,2.91863801333649,2.079327284608945,166.430309066667
919,3.50722311184668,1.843154832840567,166.446976966667
920,3.40868403725897,1.9948991844226318,166.463632866667
921,3.5234895378132896,2.320834342574561,166.480284766667
922,3.3689104575688202,2.0276693231437903,166.496941266667
923,3.35829951122886,2.198418290759597,166.513601566667
924,3.2099491937623705,2.223785500574295,166.53026716666702
925,3.01015321414861,2.2109634928166764,166.546914066667
926,3.2136536847655397,2.113157211996251,166.563586666667
927,3.13418516032507,1.9937144878594089,166.580236766667
928,3.05837493180918,2.0686770851911214,166.596924366667
929,3.49680540882793,1.9711168253116675,166.613551266667
930,3.1473622676166,1.9369092565406698,166.630215666667
931,3.17640531514485,2.0404337023174013,166.646868466667
932,3.52910795217337,2.049966085798529,166.663531066667
933,3.2420729756557702,2.070329170754069,166.68018346666702
934,3.02784190763707,2.182725016256404,166.696820366667
935,3.1503071835107597,2.111039743050448,166.713497466667
936,3.1629991099852903,2.425884825104172,166.730157766667
937,3.2359178280097596,2.23494459233342,166.74681306666702
938,2.8617067206109,2.095323733161863,166.763479266667
939,2.6742844139683903,2.1546227449752315,166.780134966667
940,2.79542331838112,2.1075357091676654,166.796812866667
941,2.53965037651687,1.8907011339436721,166.813437766667
942,1.5956010156885,1.5949329743224885,166.830117666667
943,1.018860172489,1.8170008695879254,166.846762166667
944,0.5756649511480619,1.8135777038882197,166.863423966667
945,0.66480230836452,1.7629228556614982,166.880076666667
946,0.7286335317580809,1.7105769773927733,166.896739366667
947,0.452243636248884,1.6519498381230062,166.913390666667
948,0.33133251613511,1.7229844578822255,166.930057166667
949,0.512051804152109,1.7159789041949436,166.946681066667
950,0.5593721735047621,1.666544980846634,166.963371666667
951,0.9428536452399849,1.5720518721571706,166.980027566667
952,0.49223281267523,1.733650885160974,166.996691666667
953,0.4309337550132561,1.8335900391390836,167.013348566667
954,0.615279358804865,1.9154991317842314,167.030009766667
955,0.7837581898171779,1.8416587902037427,167.04665336666702
956,0.858700402334506,1.839989293772304,167.063309866667
957,0.786700874893938,1.7979375566932598,167.079972566667
958,0.6997942641054161,1.6565030536985483,167.096635266667
959,0.7685123593480491,1.7991927677015305,167.113293266667
960,0.545829499203725,1.373331090642207,167.129957066667
961,0.32648817995106605,0.5334669043004746,167.146604166667
962,-0.415702341332757,-2.4353691408670035,167.163241366667
963,0.554506008102931,-4.702950528081248,167.17992016666702
964,-0.0159174456572115,-5.569445395348099,167.197917666667
965,-0.102226078191319,-5.269754928704353,167.213241766667
966,-0.216248423518955,-5.398037518664748,167.229904666667
967,-0.0989918600732462,-5.183456556793745,167.246557366667
968,-0.39663565035162895,-5.517403708288105,167.263214266667
969,-0.44728893952737503,-5.464185840905774,167.27985786666702
970,-0.192648728581575,-5.366940055417242,167.296526666667
971,-0.3033457769849,-5.915501278981225,167.313184666667
972,-0.379319618947778,-5.529901850285385,167.329841166667
973,-0.537728903241403,-6.010043717353154,167.346509766667
974,-0.47357022286708006,-5.8447840854220905,167.363163866667
975,-1.03165930506806,-6.592082854809496,167.379822466667
976,-0.8649694232649309,-5.863406573399852,167.396485466667
977,-0.701682418395915,-6.475834211369146,167.413137866667
978,-0.967499527437388,-6.630408865907266,167.429795266667
979,-1.15734548409865,-6.665872180486207,167.446447666667
980,-1.1221885194924,-6.004747688515078,167.463112066667
981,-0.7185701325603672,-6.09486354521706,167.479767766667
982,-0.9925219221543041,-6.633609078042723,167.496431266667
983,-1.00102805310888,-6.765558739970779,167.513084566667
984,-0.9088587257726121,-6.099850818053549,167.52973436666701
985,-1.0666752991689998,-6.61391314729211,167.546393266667
986,-0.46601726712804603,-6.289166872293769,167.563060066667
987,-1.26676468993136,-6.558901342448417,167.579711866667
988,-1.14077358990225,-6.698057129034288,167.596373666667
989,-1.0705034770804598,-6.84499397972361,167.613028466667
990,-1.18317469632649,-6.785076841668884,167.629684966667
991,-1.16918524887058,-6.966816219857413,167.646347666667
992,-1.23436688421667,-7.0728966626721075,167.663000366667
993,-1.1235394038374,-6.753290776600296,167.679662966667
994,-0.6288486973218471,-6.517741682493246,167.696313666667
995,0.77173705662642,-2.349169477664092,167.712985766667
996,2.29829349400389,0.8068024431527346,167.729645766667
997,2.6121528352610697,2.071331387481968,167.746301366667
998,3.16036790432819,1.7984325594521566,167.762960266667
999,3.13657632148206,1.659945428432642,167.77961036666701
1000,3.20582734137102,1.6641570091896771,167.796269166667
1001,3.18023850438553,1.6810104263773162,167.812931266667
1002,2.97866262733863,1.6590191543059334,167.829585766667
1003,3.2459629852508396,1.8540753258272458,167.846242266667
1004,3.5170191975684704,1.806589389389564,167.863366866667
1005,3.1843654623402404,1.7718623733831897,167.879564466667
1006,3.40001724885889,1.7032773162862158,167.896220366667
1007,3.5334954535890604,1.7045683338594073,167.912896266667
1008,3.33854325161916,1.7582827966079666,167.929540766667
1009,3.3360007590646,1.5915152403419608,167.946189366667
1010,3.4396922670885197,1.8324564053214702,167.962846166667
1011,3.3931854270727,2.0107356039335276,167.97950676666701
1012,3.58739423706527,2.028749644383766,167.996168866667
1013,3.62224622638552,1.7020761065760857,168.012825066667
1014,3.7756426946741497,1.750084361067813,168.029485166667
1015,3.6368849599554105,1.5417210754290402,168.046139566667
1016,3.35643173113229,1.890754573152047,168.062806066667
1017,3.69316724098306,1.6429243125890072,168.079452366667
1018,3.6144209953995605,1.8110717400752703,168.096127366667
1019,3.59234366291755,1.8310340411926487,168.112776566667
1020,3.59521380498706,1.6390987824088303,168.129440966667
1021,3.6028786610671495,1.7681613195776176,168.14608546666702
1022,3.62137489109006,1.9521436478763834,168.162749066667
1023,3.75055390997846,2.0687936168232466,168.179400866667
1024,3.60839805010611,2.0726682249249855,168.19606846666701
1025,3.40092518287724,1.859711156646944,168.212722966667
1026,3.46255964149313,1.8204752832223905,168.22935166666701
1027,3.8100502237377296,1.6284878680633001,168.246032166667
1028,3.44417686120093,1.607309971717998,168.26269896666702
1029,3.4441110275181206,1.673119431740549,168.279351966667
1030,3.3221947331885398,1.6207707858107168,168.296010566667
1031,2.90970176941189,1.5087211125265179,168.312667066667
1032,1.68607738814748,1.0143601164927314,168.329318366667
1033,1.40073737813196,1.0147945567019776,168.345980966667
1034,1.7896288172936299,1.278551482033735,168.362653066667
1035,1.61001728436348,1.1964836288593155,168.379305166667
1036,1.58507880552897,1.4988315998319834,168.39659536666701
1037,1.56899848396949,1.1485428170683538,168.412615566667
1038,1.9109682841083602,1.2489261782526015,168.429273566667
1039,1.7780890003685599,1.0630771396291754,168.445964966667
1040,1.6725232233956,1.1961801575916995,168.462594266667
1041,1.2810930897050101,1.3018150981190635,168.479253366667
1042,1.36322407613034,1.1084512319393334,168.49590346666702
1043,1.24752793569649,1.2810183603239889,168.512571766667
1044,1.85852971420656,1.2761051782534705,168.529217366667
1045,1.06798586265415,1.1409643471293058,168.545890666667
1046,1.19408206095462,1.1308090156099224,168.562544766667
1047,1.1590349320405502,1.1719286246915634,168.579187866667
1048,0.9946209689926501,1.1660117136345525,168.595855766667
1049,1.03053044224828,1.2449564819824837,168.612513766667
1050,1.33301123093076,1.104336380530401,168.62916356666702
1051,1.70367988492394,1.057188575898953,168.64582886666702
1052,1.63091912765293,1.1988611188162495,168.662495666667
1053,1.23959997749668,1.222279694209171,168.679145166667
1054,1.1936365769576698,1.4117008441355599,168.695797566667
1055,1.26178783784401,1.142861339667245,168.712466366667
1056,1.69867340825904,1.0296930989349733,168.729123466667
1057,1.47648162824165,1.1876847665101329,168.745774766667
1058,1.5243516812003501,1.1432508421782657,168.762441866667
1059,1.5349702860909098,1.096890652269919,168.779098666667
1060,1.5485645560410901,1.0703819138019866,168.795753666667
1061,0.99364228847026,1.166692642766315,168.812406366667
1062,1.1891883141628,1.1371007053742708,168.829070266667
1063,1.02441310646499,1.2980056438952645,168.845721766667
1064,0.9846507463372719,1.1869229052912593,168.862373266667
1065,1.04565514352551,1.156443882370733,168.879045666667
1066,0.959031663084732,1.082479030544741,168.89570156666701
1067,1.2826364431156998,1.2716317933124122,168.91236396666702
1068,1.53934227800941,1.0605344377196193,168.929018166667
1069,1.00394524078311,1.0131478412928503,168.94566966666702
1070,0.695438119263716,0.8886216710033168,168.962349066667
1071,1.08612523876313,1.1034892211966418,168.978985666667
1072,0.8946901315356239,1.0892520836455886,168.99564926666702
1073,-0.0944131416007584,0.9123192886736842,169.012304566667
1074,-2.3029848936086603,1.239906940640442,169.028973466667
1075,-3.81334524710325,1.3757617619104694,169.045608866667
1076,-4.4730767406300895,1.3232125449894387,169.062286466667
1077,-4.37816809499954,1.1823094367297549,169.07894176666701
1078,-4.17077161251508,1.019493723059929,169.095587766667
1079,-4.27684630341565,1.256986700599955,169.11224696666702
1080,-4.1808187545555,1.1014863380607374,169.128932766667
1081,-4.47937614617981,1.2423944493751284,169.145577866667
1082,-4.60491208399558,1.1587875472494464,169.162219466667
1083,-4.70075266526875,1.1396103411000025,169.178890566667
1084,-4.3603901600474195,1.339208582211194,169.19553366666702
1085,-4.64485348130845,0.9592708866529669,169.212201266667
1086,-4.43747213843453,1.2536083931352275,169.228864566667
1087,-4.68262941102571,1.0383752855710506,169.245518166667
1088,-4.7790540272360404,1.1139257454056049,169.262185266667
1089,-4.71143270359578,0.8933077446952716,169.278826466667
1090,-4.56043258555974,1.032366078759811,169.29549676666701
1091,-4.76281563074921,1.0685620357137113,169.312156566667
1092,-4.46499607608757,1.2819646108248746,169.328814566667
1093,-5.05639359985461,1.1565775342566014,169.345466066667
1094,-5.0543871428947,1.0226900483967647,169.364293766667
1095,-4.90337671123844,1.0317216308249502,169.37878876666701
1096,-4.85992550171639,0.930851286840134,169.395428566667
1097,-4.90963094269083,0.9671459634630727,169.41209826666702
1098,-5.12382469257175,1.240168831580004,169.428761266667
1099,-4.67032534227167,1.1536783782434719,169.445409266667
1100,-4.772442326408809,1.0403432279030578,169.462074866667
1101,-4.7516742363194595,0.9664281683485243,169.47872786666701
1102,-1.93258905687771,1.578888153019573,169.495363566667
1103,0.880869071240679,1.6804802912761123,169.512049166667
1104,1.75002203827573,1.8087061683557553,169.528709766667
1105,1.27508873546027,1.6657290947042842,169.54535836666702
1106,1.4125542762917098,1.794339162187952,169.562017266667
1107,1.7456235171181003,1.9636420115990212,169.578680566667
1108,1.69858550719572,1.9663057903971919,169.595342666667
1109,1.79974999634055,1.880384306996794,169.611992666667
1110,2.02415397099009,1.761894233706249,169.628658566667
1111,2.38520981638728,1.7888030947506535,169.645312466667
1112,1.7140472542405099,1.745977146743032,169.661980166667
1113,1.69372750096371,1.7410281523932898,169.678625266667
1114,1.6005157810858899,1.7983315894746301,169.69528906666702
1115,1.5944957884148503,1.7296215084743207,169.711940066667
1116,1.66953285448183,1.7931445258263212,169.728604166667
1117,1.82044402439117,1.8620091664199978,169.745259766667
1118,1.89024859880955,1.7371118432255614,169.76191866666701
1119,1.63465879601519,1.5755611320038336,169.778572866667
1120,1.6229436813732299,1.7291636488496127,169.79523726666702
1121,1.9120287026121798,1.49568123562043,169.811884666667
1122,1.89782521864133,1.8307755203459695,169.828548866667
1123,2.22732256745536,1.8519381589707131,169.845202466667
1124,2.2068360630409902,1.6115556677072116,169.861863066667
1125,4.65476833315557,1.8680881584671811,169.878519866667
1126,8.82325400241232,1.9837487104216647,169.895172266667
1127,10.728123291840099,1.6036830759405296,169.911833766667
1128,10.518933271001801,1.5225847263458767,169.928517266667
1129,10.177461856906099,1.6992186790001704,169.945150666667
1130,10.9337961702825,1.7535329149643413,169.961809566667
1131,10.688407574166,1.3298991198490215,169.978469866667
1132,10.272798869588598,1.2937213693342235,169.995131066667
1133,11.3718790709194,1.360223951849071,170.011789066667
1134,10.6566717449232,0.9473376531473799,170.028618266667
1135,10.8049127737427,1.3466838302460633,170.045096866667
1136,11.158893882091999,1.5121181885269714,170.061758666667
1137,10.931761137114501,1.2827892559579837,170.078413066667
1138,10.277656102252001,1.9598298806829735,170.095073666667
1139,11.254328287530198,1.597992391470971,170.11173756666702
1140,10.1832333448707,1.2015324806946475,170.128377666667
1141,10.810477797096901,1.5383003806353226,170.145047066667
1142,10.020168879285698,1.3842830460364162,170.161704166667
1143,10.681194207689401,1.5825178405401032,170.17836046666702
1144,10.576974693558402,1.539426412616374,170.195021066667
1145,10.3875264741444,1.15306015378453,170.211675466667
1146,9.94795829011594,1.3376913583308037,170.228334966667
1147,9.722857433362462,1.3441549412413458,170.244994966667
1148,10.040014364615901,1.575864405242734,170.261657666667
1149,10.062827290195699,1.482739158733889,170.278308066667
1150,9.764400212101869,1.3950905475077837,170.294967766667
1151,10.0257371184059,1.142902796872719,170.311625766667
1152,10.1192817177177,1.0380053802271378,170.32828346666702
1153,9.41486689571182,1.2262867166700668,170.344944366667
1154,9.63325804206441,1.1144995819586594,170.361602666667
1155,9.6815222966414,1.1407472197943078,170.378275366667
1156,9.06282054232462,1.2549878403674726,170.394923066667
1157,8.677787667105559,0.8877109520311436,170.411581866667
1158,8.181053799536691,0.8989512784770868,170.428235166667
1159,8.03777185213631,1.5610818144605427,170.444891166667
1160,7.31969955651333,1.3978834341294974,170.461552966667
1161,7.85595338197373,1.456441003135017,170.478208266667
1162,7.5159903905629095,1.4296448534148025,170.494868666667
1163,7.75929226152622,1.500713197260937,170.511529866667
1164,6.84592870594427,1.3393648694247147,170.528752066667
1165,7.08737557023717,1.3017595659886136,170.544836666667
1166,6.549306686513059,1.2065692076951002,170.56149996666701
1167,7.298411411908491,1.5478990006212234,170.578161466667
1168,7.12485331951996,1.3650925426605816,170.59482236666702
1169,7.59768088253327,1.690168998441226,170.611471566667
1170,7.27155821498971,1.376879347608515,170.628140466667
1171,7.30075535209631,1.2100897074498365,170.644784066667
1172,7.253017060331071,1.4255316034870327,170.661462566667
1173,6.72820074216019,1.255694409972864,170.67810526666702
1174,6.785511243025639,1.4020894975792912,170.69476626666702
1175,6.858739028167631,1.7381743835604357,170.71141866666702
1176,6.67151243878487,1.142647779281516,170.728076366667
1177,6.739480613652309,1.281298537727027,170.744733766667
1178,7.539481398965861,1.179569302217407,170.761391466667
1179,7.79158781191946,1.2329731366696828,170.778050266667
1180,7.70793212304695,1.3309065999521144,170.79470826666702
1181,7.854627731720459,1.6748363856412103,170.811372466667
1182,6.9607830008113805,1.4982189308743308,170.828028966667
1183,7.37745835005799,1.2895804258202983,170.84468166666701
1184,7.38516453624558,1.7787793082214705,170.861338466667
1185,8.24095162888803,1.3556632423196602,170.878008166667
1186,8.34087805198004,1.3610473179916645,170.894659966667
1187,8.086887176237889,1.2333677233112081,170.911314166667
1188,7.94970460392221,1.2141091491861127,170.927976866667
1189,8.36162554719755,1.0817399960135854,170.944630466667
1190,8.00958369638021,1.2376822697348502,170.961287266667
1191,8.16605449079409,1.4129420260628864,170.977944666667
1192,7.745251835419719,1.3027896538724588,170.994605266667
1193,7.89579469035607,1.2447794564972137,171.011265066667
1194,7.87410199185434,1.132803092091442,171.02791036666702
1195,8.32177247379675,1.2987089013586957,171.044577466667
1196,8.155802463193151,1.140429460589982,171.061235466667
1197,8.13028792988802,1.2931586169916567,171.077898166667
1198,8.54728324887134,1.2857871014316165,171.094558166667
1199,8.41531080334955,1.192324928661971,171.111212966667
1200,7.28059132446679,1.2210193763405186,171.12787626666702
1201,4.29957947939449,0.8940073800744729,171.144525066667
1202,2.45191348188364,0.8842921941259163,171.161190766667
1203,2.77929031691555,0.8280444603190983,171.177849566667
1204,2.91490193288096,0.988234820120842,171.194510466667
1205,2.60816466822173,1.075004870601009,171.211164666667
1206,2.7041398877514498,0.5754424815142919,171.227832366667
1207,3.13692388350595,0.6822128276237064,171.244495366667
1208,2.3597817075223397,0.5893435279106706,171.261170266667
1209,2.51627739478069,0.5968769583721815,171.277794866667
1210,2.4267012829492898,0.7855913029723544,171.294456666667
1211,2.34595851444907,0.8357918241366812,171.311122266667
1212,2.12878377098026,0.5239889800630467,171.327777366667
1213,2.48629462344377,0.5707088861970109,171.344440566667
1214,2.5273838043262797,0.5183976116224107,171.361091566667
1215,2.33121131387777,0.6867824977872166,171.377752466667
1216,2.26642198762061,0.5616555685233773,171.394409266667
1217,2.27807929518181,0.671858210388145,171.411066966667
1218,2.2750354588176602,0.6956593088584553,171.427730566667
1219,2.1744985866856297,0.7516222017990918,171.444377966667
1220,2.6239794362237503,0.7943022741890904,171.461051766667
1221,2.0890368373546697,0.6946468013901018,171.477697166667
1222,-0.46808177972037895,1.0802347447967688,171.494352766667
1223,-2.1646872453380097,1.5077418637751105,171.511004666667
1224,-2.15638965153337,1.205444465124902,171.527667866667
1225,-2.36274137671418,1.4100602151800499,171.544329066667
1226,-2.6929293711034306,1.7181846861909487,171.560986466667
1227,-2.5267312618107503,1.6577372952457283,171.577650066667
1228,-2.3356945914826803,1.3798605289550514,171.594308366667
1229,-2.16485209222577,1.279322049971861,171.61097306666701
1230,-2.28711508276298,1.239310456171245,171.627623766667
1231,-2.4289152676976,1.2065645904903632,171.644279366667
1232,-2.90157141850645,1.1588998946963742,171.660933566667
1233,-2.60788943670592,1.4159887911078335,171.677586866667
1234,-2.40248106450412,1.3476213305878812,171.695132166667
1235,-2.59453937516773,1.221868610255653,171.710894866667
1236,-2.58682255603864,1.4502001040169485,171.727575766667
1237,-2.4968512606221003,1.369663610600733,171.744244566667
1238,-2.51197128842858,1.3795907752825327,171.760882966667
1239,-2.59766689537675,1.1794605218739542,171.777544166667
1240,-2.75830434996385,1.1951680466498575,171.794189566667
1241,-3.04301475181513,1.1400825070290719,171.810860366667
1242,-2.8097759611757898,1.3428517115644347,171.827502566667
1243,-2.5726620012229304,0.9047428930492024,171.84921316666697
1244,-2.66103694996137,1.0363210049690363,171.86083236666698
1245,-2.83691704592955,0.931211976434536,171.88205906666698
1246,-2.94929845440956,1.1098680196501878,171.89418496666698
1247,-2.93752696138089,1.04760503708612,171.91081356666697
1248,-0.416193039941204,1.1224564534578114,171.927467166667
1249,4.657758267251821,1.210728636135983,171.94413456666697
1250,8.68637880450365,0.9259118582456557,171.96078556666697
1251,9.186761980743858,0.8799704621306947,171.97745226666697
1252,9.996080575504472,0.4775094845346417,171.99410266666698
1253,9.95109738013448,0.7354474519410567,172.01076216666698
1254,9.757024943905519,0.48795107572675916,172.027408666667
1255,9.768830450774269,0.6786216391109843,172.044076666667
1256,10.4380276622035,0.5012602458672121,172.06072696666698
1257,10.090684719026301,0.3534933981980092,172.077382366667
1258,10.0966539573877,0.5090995472636122,172.094064366667
1259,10.412863698630801,0.3800453784588915,172.110706766667
1260,10.370056783540198,1.0959207705625187,172.12735896666697
1261,10.210220585214302,0.41486766993162133,172.14403566666698
1262,9.99813763112678,0.30916018918654387,172.160678166667
1263,10.263929621414501,0.5801318574810602,172.18008176666697
1264,10.616988975812198,0.8520782211168725,172.19404926666698
1265,10.9883305565248,0.8830683109492383,172.21067726666698
1266,10.8230243233025,0.6972402621378936,172.22732446666697
1267,10.8385834223916,1.0161244099026032,172.24397866666698
1268,11.3703038031646,0.8419668907632073,172.26063016666697
1269,10.6480832019936,0.3193586776731998,172.27731126666697
1270,10.734223013428402,0.37334336759740167,172.293948466667
1271,10.1182816752489,0.6052038957844338,172.310603566667
1272,10.3914885957831,0.3372895127380697,172.32725856666698
1273,8.63376169213933,0.2889336564577738,172.34391866666698
1274,5.9359665123208405,-0.1965233013531033,172.360568966667
1275,4.0740563897613,-0.07941751087447901,172.377230466667
1276,4.286536927993859,-0.362566063420213,172.39389116666698
1277,4.14432154215335,-0.45128989971642436,172.410534166667
1278,4.084348119846919,-0.544137560799148,172.42720006666698
1279,3.80670685405699,-0.46850072339024745,172.44386216666697
1280,3.4740168572215597,-0.43772562004180404,172.460516066667
1281,3.46158017918606,-0.4613881484109855,172.47718896666697
1282,4.16397667942554,-0.5732309969881147,172.49383316666697
1283,3.41342601506746,-0.3981242089857568,172.51049646666698
1284,3.5067764647825803,-0.3928071266742428,172.52716176666698
1285,2.9679729140857,-0.4394914993926024,172.54381036666697
1286,3.4157966757618397,-0.7187362316038554,172.56046366666698
1287,3.1650458899347003,-0.5865905411400428,172.57712276666697
1288,3.38121253143676,-0.5897292778652254,172.59377696666698
1289,3.2686356119389504,-0.5280011390710955,172.610436766667
1290,3.47755004888035,-0.5898028155233455,172.627091166667
1291,4.00186235294239,-0.8664033660049164,172.643743366667
1292,4.110815880148871,-0.9702854959105573,172.66041126666698
1293,3.84771244402614,-0.625105874725908,172.677071566667
1294,3.5009975482473497,-0.6919431756903847,172.69392956666698
1295,3.4402849400312996,1.3717459424103027,172.71038616666698
1296,3.41772435302342,1.1799570754204611,172.727047966667
1297,3.40849725036741,1.1251591438292472,172.743705066667
1298,3.22976498358495,1.0546784594462812,172.76035776666697
1299,3.2711237219019105,1.0496581917992813,172.777025666667
1300,3.1903839132702703,1.1235971851075304,172.79367136666698
1301,2.93176395327752,1.210841501511135,172.810334066667
1302,3.0250832164830297,1.2773810339988008,172.82698586666697
1303,2.9469364867671,1.2765114230396388,172.84365116666697
1304,3.01223491075252,1.3008975770214368,172.86030156666698
1305,2.7488094060435198,1.2169006620300777,172.87696536666698
1306,2.8158993339045,1.3151419849614412,172.893618066667
1307,2.64018171742772,1.1581184968092868,172.910287566667
1308,2.2007646870237596,1.2559513684224275,172.926936166667
1309,2.2960298521660296,1.2807923975580529,172.943614366667
1310,2.65409479395218,1.2962539366701054,172.96026886666698
1311,2.8526898567115295,1.2124045955053329,172.976924766667
1312,2.58305385054466,1.4296205525928907,172.993572466667
1313,2.4053091131314903,1.2887926618367869,173.01023516666697
1314,2.08655637879289,1.1765339818946101,173.026886366667
1315,2.10691179714521,1.1960508777940957,173.04354996666697
1316,1.38825200359598,1.380989301173502,173.060214966667
1317,1.43987039508075,1.2888576859843397,173.076860666667
1318,1.3649314691489598,1.1714524681217358,173.09352276666698
1319,0.93045086369057,1.4108949922348981,173.110182166667
1320,1.40509645257021,1.2233926340363814,173.12684726666697
1321,1.5674063085539198,1.2339021143386857,173.14349906666698
1322,1.16092787612705,1.5478957108587883,173.160162566667
1323,1.1321329108042901,1.6246276888178588,173.17681676666697
1324,1.1494334163231201,1.288351759520149,173.19347096666698
1325,1.24485109663613,1.3296515799631714,173.21012956666698
1326,0.557789043300275,1.2603654510621225,173.226786966667
1327,0.9969376043378891,1.2400916612443118,173.24345106666698
1328,0.17174413029902202,0.9721493340052565,173.260111366667
1329,0.29329568682626,1.172005831296487,173.276766166667
1330,0.197446281765046,1.2133165251076878,173.29342066666698
1331,0.24733146792961103,1.030926331075018,173.31008626666699
1332,0.0132665971080287,1.049776992192504,173.326718466667
1333,0.18340778401588298,1.1305449738305142,173.34337256666697
1334,0.367095359582883,1.0733362152508954,173.36116956666697
1335,0.5035436039132971,0.6595477875679528,173.376706166667
1336,0.000755593129434623,0.4032343330285909,173.393379666667
1337,-0.323162247396032,-0.13217146285973239,173.41002416666697
1338,-0.0856263967523765,0.4318076334527983,173.42668656666697
1339,-0.0218510790642621,0.15227767792813368,173.443335166667
1340,-0.05926460439553401,0.48556017371537263,173.45999226666697
1341,0.326225709289944,0.3021407034292709,173.476653466667
1342,0.6172202433218891,0.6673353156974843,173.493308566667
1343,0.40470963804900495,0.1555067343678457,173.509968266667
1344,-0.36864291392478205,0.5005985337695255,173.526627166667
1345,-1.11599561248906,1.1021907424238255,173.54328456666698
1346,-1.2789568692801498,1.6256790325573758,173.559945466667
1347,-0.8491691080873871,1.473940790396085,173.576600566667
1348,-1.24809553715581,1.5741355664474683,173.593262966667
1349,-1.3741141438353899,1.3666896638878483,173.609925566667
1350,-1.34832013828955,1.2644186273483715,173.62658766666698
1351,-1.08241641490446,1.301130745522025,173.643240366667
1352,-1.1434255505649198,1.2513031629930338,173.66437096666698
1353,-1.97045963978033,1.2968652164067402,173.676912666667
1354,-1.61209080498683,1.1867764195276604,173.69760976666697
1355,-1.8976229615901399,1.252385918407538,173.709867366667
1356,-1.35155661170933,1.5018304459405383,173.730648066667
1357,-2.0513783340186498,1.292915741046642,173.74329156666698
1358,-2.1157579692271598,1.7886167543945641,173.75983426666699
1359,-2.0783170993239,1.126099153512128,173.77649956666698
1360,-1.90372325439279,1.3788627559935944,173.79314766666698
1361,-2.56796055386796,1.1977648166314707,173.80981496666698
1362,-2.27074606909013,1.2995200200436043,173.82646446666698
1363,-2.0649634523979397,1.7704265609522651,173.843139166667
1364,-2.40659240063671,1.4656595949944755,173.86049216666697
1365,-2.74189368387368,1.6940115477221636,173.876441366667
1366,-2.54186210271988,1.5397091510223258,173.893109066667
1367,-1.9976078700646398,1.6993704320190162,173.909763466667
1368,-2.57590128889681,1.3905495408642845,173.926412966667
1369,-3.83847326756216,1.3019066816349976,173.94307306666698
1370,-3.8011634582970095,1.1133550780351635,173.95973216666698
1371,-2.80445436040573,1.341901362260746,173.976390166667
1372,-3.5487759866392006,1.320210548583647,173.99307336666698
1373,-3.72741269520496,1.3163934260210948,174.009705266667
1374,-4.11611234616957,1.2088544858904449,174.026384966667
1375,-4.20890630844487,0.9599819819759564,174.043020066667
1376,-4.592333180398559,1.2826251650298834,174.05968916666697
1377,-3.6415466331063198,1.0193725855335807,174.076336966667
1378,-3.60899889933636,1.1613260474976301,174.093005466667
1379,-4.49728287266234,1.2145198576414893,174.109654066667
1380,-4.47296350529585,0.7566888625103562,174.12632286666698
1381,-4.87540642976636,1.0055258611615716,174.142971166667
1382,-4.7537767233184995,0.8881808151432486,174.15963186666698
1383,-4.4246492481699295,1.107351479133915,174.176286566667
1384,-4.22011490929048,1.1287291048856154,174.192947566667
1385,-4.1120842974113705,1.3502714788748047,174.20960576666698
1386,-0.978056333863997,1.0992427842679928,174.22627116666698
1387,1.56048966692086,1.3535432378634797,174.24291916666698
1388,0.5718441542958921,1.5121106536937046,174.259581266667
1389,0.9691197060832251,2.0767859711545684,174.276234266667
1390,1.16786542286536,1.5295947350810766,174.292896066667
1391,0.9244050627829491,1.2568418602920355,174.30955726666699
1392,0.752326744297121,1.4378140188817985,174.32622456666698
1393,0.6145074649951751,1.683635528832377,174.34287556666698
1394,1.47883539369074,1.5462884445393505,174.359529466667
1395,1.20165681527126,1.1976597087869305,174.37618976666698
1396,0.6167198717050861,1.2804759224887734,174.392853966667
1397,1.15730950725673,1.768186859473714,174.40950306666699
1398,0.6332205068474571,1.5068861529878173,174.426192766667
1399,0.9106152961146841,1.4225378498248284,174.44281266666698
1400,1.3862486122593898,1.349300324508651,174.45949146666698
1401,0.876893549598141,1.4717075318722415,174.476148266667
1402,0.7269319291006701,1.5444867887773122,174.492789766667
1403,1.39080360625505,1.5087091814593474,174.509444866667
1404,1.11400387100146,1.3805615151527344,174.526111666667
1405,0.865216280931797,1.1536260645213101,174.54275816666697
1406,0.673189999238057,1.412365798573935,174.559421166667
1407,0.8058851822993229,1.1727949105544817,174.576081166667
1408,0.844836069639943,1.506755615179596,174.592738366667
1409,0.7186557060611609,1.4714802165446568,174.60940306666697
1410,0.573064752611052,1.2933794107213097,174.626048766667
1411,-2.20305313737276,0.9774247712091932,174.642709366667
1412,-7.78314677229635,1.2203415335949115,174.65936586666697
1413,-13.7711876960737,1.481643558491777,174.67602536666698
1414,-19.2642844630618,1.239856795431674,174.69269206666698
1415,-23.9630920337195,1.379898071726179,174.709347166667
1416,-29.8637783907442,1.9550825748001306,174.726001366667
1417,-32.8831313015992,1.5394701542849174,174.742659566667
1418,-36.3357554335348,1.007945023918894,174.759319966667
1419,-39.53951606535539,0.5114326040717131,174.775972366667
1420,-42.199963409415204,0.22236641775395852,174.79264176666697
1421,-42.515896702495,-0.03649107406223397,174.809293366667
1422,-43.1427191619184,0.1808108896495326,174.82595746666698
1423,-43.59261644667149,0.2728401358690241,174.842604866667
1424,-43.421323175531505,0.7493980690935269,174.85926226666697
1425,-42.9425602794077,1.1520420747609819,174.875921466667
1426,-43.3914070047155,0.310615313934982,174.892583866667
1427,-43.9447427802095,0.7633079781847938,174.909234766667
1428,-44.1496082712301,0.9650816058677233,174.925900666667
1429,-44.2500046505359,0.6208746824162268,174.94255986666698
1430,-44.223175924337504,0.6079575817080772,174.959213466667
1431,-44.426232577226294,0.690380453613044,174.97587466666698
1432,-44.5294626280495,0.7954587096414979,174.99252326666698
1433,-44.7100509198946,0.9422701675963047,175.010518166667
1434,-43.741745687182,0.5462791046281024,175.02585326666699
1435,-43.853313493797295,0.664530334053834,175.042534766667
1436,-43.6213065534441,0.7261467654849445,175.05919156666698
1437,-44.2337423660954,0.8032703224488412,175.07581376666698
1438,-43.770212479606,0.6790439377604728,175.09249346666698
1439,-43.8534215896387,1.1679826597278924,175.109159966667
1440,-40.2262883381105,1.0430552352327127,175.12581056666698
1441,-32.6194273074743,1.9281562126132024,175.142463366667
1442,-26.506878572688397,2.1335983714459275,175.15911926666698
1443,-20.080646016240397,2.925507923277441,175.175776066667
1444,-15.058141513010199,2.3273785212984373,175.19243556666697
1445,-11.337652623178698,1.8074915500719513,175.20909266666698
1446,-7.3302798914851905,1.0717382485837905,175.22576266666698
1447,-3.4929852689421703,1.0744884926502354,175.24241976666698
1448,-3.3273472944832,1.0434209383849178,175.25905986666697
1449,-2.91798470274989,1.0614951785981064,175.275733066667
1450,-2.2650709632955297,0.9505329583084247,175.292382566667
1451,-2.59295950330731,0.8165079124178285,175.309035866667
1452,-2.60079450436001,0.9918655916061243,175.32569886666698
1453,-1.35692839176429,1.201653073268369,175.342341566667
1454,-1.6628742662984,1.2059748249555944,175.35900456666698
1455,-1.2404770161365801,1.2582123031487211,175.375668666667
1456,-1.55883634740332,1.0184855452514154,175.39232076666698
1457,-2.00008825687154,0.8902644202387597,175.40897616666697
1458,-2.61508416801452,0.6884233361058419,175.425638866667
1459,-2.21048197164327,0.5583610994536182,175.442291566667
1460,-1.9736341259726298,0.767101117576794,175.458952166667
1461,-2.17392490338636,1.2416245219426716,175.47560956666698
1462,-2.32778434919929,1.2484624796401391,175.492276066667
1463,-2.0724982739345803,1.2649846109176155,175.50892666666698
1464,-1.8445349229521697,0.8459280530103593,175.52558616666698
1465,-2.33948414398832,1.1197531684919069,175.54574286666698
1466,-2.54479576359764,1.3594304044163918,175.558905966667
1467,-2.58053317074227,1.1025337677485518,175.57844826666698
1468,-2.6159310953748904,0.896910905029463,175.59222246666698
1469,-1.52275677357288,0.8732385566652736,175.611675366667
1470,0.4812860616846721,0.860340660122895,175.625545766667
1471,0.35704011171746597,1.3047255886570384,175.64220266666698
1472,0.6441707429374549,1.0850184497637885,175.658848566667
1473,0.9716464536611371,0.9308502466059272,175.67552126666698
1474,0.464692781302588,1.0897699905321243,175.69217366666697
1475,1.45293573957526,1.315253309470807,175.708840166667
1476,2.01012391012819,1.1842399148947313,175.725486666667
1477,1.45420409737969,0.7962812105590753,175.742150566667
1478,2.12429085038591,0.9481520745739364,175.75880646666698
1479,1.7217295993730601,0.8945579694965272,175.77702976666697
1480,1.7247564349230098,0.6877004066969478,175.792116866667
1481,3.07409561008891,0.9370381112383507,175.80878366666698
1482,8.00420319360358,0.36829022676142675,175.825434066667
1483,15.822116807901402,0.4321191383227257,175.84208316666698
1484,21.0407071150391,0.43821454708010416,175.858745866667
1485,26.0564501710178,0.9502322257300702,175.87541096666698
1486,32.2905678608653,0.38998691677479336,175.89207276666698
1487,37.720936730191795,0.572697270863584,175.908766766667
1488,41.10853001906629,-0.7732960987123276,175.92537816666697
1489,43.2406018211092,0.41010794892184127,175.942042566667
1490,43.4047472551378,0.23143271195121198,175.95869526666698
1491,43.5858914485989,-0.08070953523473155,175.97536966666698
1492,44.8139713662369,-0.31059098475861574,175.99201716666698
1493,45.039400415382396,-0.039516710198944906,176.00867016666697
1494,44.900489390315,-0.5562459069993421,176.025323666667
1495,44.471928471598794,0.3873601423014616,176.041990466667
1496,44.9354264755711,0.8937331417112511,176.05864256666698
1497,45.186795188351,0.26050710230953955,176.075302366667
1498,45.1069902221919,0.47378337873108795,176.091956566667
1499,44.3682288252084,0.25754303108756377,176.10862506666697
1500,44.0997326225281,0.2130598373926991,176.125271966667
1501,44.3441392736609,-0.09755852942735942,176.141938166667
1502,43.549277292438205,0.7061584048182356,176.15859026666698
1503,44.121822916324504,0.5007414504611789,176.175253466667
1504,43.51642387596829,0.1564199120679861,176.19190356666698
1505,43.6597164861588,0.17325202228122766,176.20857216666698
1506,43.94915833953,0.4868916148477106,176.225233366667
1507,44.0559687022766,0.7461390401411785,176.24187896666697
1508,43.7106507171674,0.3615482368087888,176.258536666667
1509,43.2993177926736,0.5518877502869737,176.27519316666698
1510,42.91480281356421,0.4570160299942245,176.29185796666698
1511,43.5993600072579,0.3734636388267672,176.308518866667
1512,43.5636051063299,0.8230512435325568,176.325168366667
1513,46.82479896761021,1.7183329044609308,176.341823966667
1514,43.500845990498895,1.31499755952012,176.35848606666698
1515,43.4538149011595,0.6572984840562319,176.37514226666698
1516,43.6660744148598,0.7407995522700553,176.391802066667
1517,42.9662754233125,0.6810884500537392,176.408464466667
1518,42.9722816177234,1.0524801587900723,176.425120666667
1519,43.0477428267978,0.6315318560831588,176.44177626666698
1520,42.76458076179539,0.6855075166391569,176.45843426666698
1521,43.18847493055161,0.05294053056852856,176.47509286666698
1522,42.4816478590976,0.5589632089221379,176.49174876666697
1523,42.3632241250507,0.5880903706529091,176.508417666667
1524,43.21331042381121,0.6292874613445592,176.525064166667
1525,42.747396588194704,0.5835047466258583,176.541727166667
1526,42.656297417855896,0.8769659229462641,176.55837836666697
1527,42.8333004303573,0.6506185752781787,176.575048666667
1528,42.5128778312547,0.8572705776985001,176.591698466667
